post_id,influencer_id,platform,date,url,caption,reach,likes,comments
POST_0001,INF_001,LinkedIn,2025-07-14,https://linkedin.com/post/1,Living my best life with proper nutrition ğŸŒŸ #lifestyle #health,6768,503,11
POST_0002,INF_001,LinkedIn,2025-07-02,https://linkedin.com/post/2,Living my best life with proper nutrition ğŸŒŸ #lifestyle #health,12511,404,13
POST_0003,INF_001,LinkedIn,2025-05-31,https://linkedin.com/post/3,Investing in my health daily ğŸ’ª #selfcare #health,15792,964,38
POST_0004,INF_001,LinkedIn,2025-07-25,https://linkedin.com/post/4,Balance is key - fitness - nutrition - wellness ğŸ§˜â€â™€ï¸ #balance #wellness,17736,1542,38
POST_0005,INF_001,LinkedIn,2025-05-26,https://linkedin.com/post/5,Balance is key - fitness - nutrition - wellness ğŸ§˜â€â™€ï¸ #balance #wellness,8617,355,11
POST_0006,INF_001,LinkedIn,2025-06-23,https://linkedin.com/post/6,Investing in my health daily ğŸ’ª #selfcare #health,17223,1090,44
POST_0007,INF_001,LinkedIn,2025-05-16,https://linkedin.com/post/7,Living my best life with proper nutrition ğŸŒŸ #lifestyle #health,14028,667,17
POST_0008,INF_001,LinkedIn,2025-05-13,https://linkedin.com/post/8,Balance is key - fitness - nutrition - wellness ğŸ§˜â€â™€ï¸ #balance #wellness,14920,456,9
POST_0009,INF_001,LinkedIn,2025-05-23,https://linkedin.com/post/9,Living my best life with proper nutrition ğŸŒŸ #lifestyle #health,17137,797,28
POST_0010,INF_001,LinkedIn,2025-07-18,https://linkedin.com/post/10,Investing in my health daily ğŸ’ª #selfcare #health,13221,753,17
POST_0011,INF_001,LinkedIn,2025-06-25,https://linkedin.com/post/11,Investing in my health daily ğŸ’ª #selfcare #health,13026,346,13
POST_0012,INF_001,LinkedIn,2025-05-21,https://linkedin.com/post/12,Balance is key - fitness - nutrition - wellness ğŸ§˜â€â™€ï¸ #balance #wellness,9856,452,13
POST_0013,INF_001,LinkedIn,2025-06-06,https://linkedin.com/post/13,Living my best life with proper nutrition ğŸŒŸ #lifestyle #health,7617,466,22
POST_0014,INF_001,LinkedIn,2025-07-25,https://linkedin.com/post/14,Living my best life with proper nutrition ğŸŒŸ #lifestyle #health,11570,1108,24
POST_0015,INF_001,LinkedIn,2025-05-23,https://linkedin.com/post/15,Balance is key - fitness - nutrition - wellness ğŸ§˜â€â™€ï¸ #balance #wellness,9238,816,37
POST_0016,INF_002,Instagram,2025-07-06,https://instagram.com/post/16,Wellness journey continues ğŸŒŸ #wellnessjourney #health,55846,1866,92
POST_0017,INF_002,Instagram,2025-05-20,https://instagram.com/post/17,Holistic wellness approach with @HKVitals ğŸŒ¿ #wellness #holistic,30228,1237,49
POST_0018,INF_002,Instagram,2025-06-23,https://instagram.com/post/18,Wellness journey continues ğŸŒŸ #wellnessjourney #health,36634,868,24
POST_0019,INF_002,Instagram,2025-06-30,https://instagram.com/post/19,Mind - body - soul - complete wellness ğŸ§˜ #mindfulness #wellness,72480,1993,55
POST_0020,INF_002,Instagram,2025-06-24,https://instagram.com/post/20,Mind - body - soul - complete wellness ğŸ§˜ #mindfulness #wellness,83654,3177,103
POST_0021,INF_002,Instagram,2025-07-21,https://instagram.com/post/21,Wellness journey continues ğŸŒŸ #wellnessjourney #health,29974,1363,37
POST_0022,INF_002,Instagram,2025-05-31,https://instagram.com/post/22,Wellness journey continues ğŸŒŸ #wellnessjourney #health,62602,1652,36
POST_0023,INF_002,Instagram,2025-07-07,https://instagram.com/post/23,Holistic wellness approach with @HKVitals ğŸŒ¿ #wellness #holistic,62240,2895,70
POST_0024,INF_002,Instagram,2025-07-21,https://instagram.com/post/24,Mind - body - soul - complete wellness ğŸ§˜ #mindfulness #wellness,48112,2527,115
POST_0025,INF_003,LinkedIn,2025-04-30,https://linkedin.com/post/25,Pre-workout fuel with @HKVitals supplements ğŸ”¥ #workout #energy,7132,278,12
POST_0026,INF_003,LinkedIn,2025-05-08,https://linkedin.com/post/26,Just crushed my workout with @MuscleBlaze protein! ğŸ’ª #fitness #protein,11890,811,20
POST_0027,INF_003,LinkedIn,2025-06-04,https://linkedin.com/post/27,Recovery day essentials from @Gritzo ğŸ’¯ #recovery #nutrition,4993,311,14
POST_0028,INF_003,LinkedIn,2025-06-25,https://linkedin.com/post/28,Pre-workout fuel with @HKVitals supplements ğŸ”¥ #workout #energy,7296,426,19
POST_0029,INF_003,LinkedIn,2025-06-28,https://linkedin.com/post/29,Just crushed my workout with @MuscleBlaze protein! ğŸ’ª #fitness #protein,6657,475,21
POST_0030,INF_003,LinkedIn,2025-06-28,https://linkedin.com/post/30,Pre-workout fuel with @HKVitals supplements ğŸ”¥ #workout #energy,4983,184,8
POST_0031,INF_003,LinkedIn,2025-06-12,https://linkedin.com/post/31,Just crushed my workout with @MuscleBlaze protein! ğŸ’ª #fitness #protein,10862,647,23
POST_0032,INF_003,LinkedIn,2025-07-12,https://linkedin.com/post/32,Just crushed my workout with @MuscleBlaze protein! ğŸ’ª #fitness #protein,13103,582,28
POST_0033,INF_004,Instagram,2025-05-11,https://instagram.com/post/33,Training hard - recovering smart ğŸ’ª #training #recovery,86637,3356,128
POST_0034,INF_004,Instagram,2025-07-12,https://instagram.com/post/34,Game day preparation with @MuscleBlaze ğŸ† #sports #performance,82060,2760,113
POST_0035,INF_004,Instagram,2025-05-21,https://instagram.com/post/35,Training hard - recovering smart ğŸ’ª #training #recovery,132155,5197,219
POST_0036,INF_004,Instagram,2025-07-01,https://instagram.com/post/36,Athletic performance through proper nutrition ğŸ¥‡ #athletes #nutrition,80116,1886,56
POST_0037,INF_004,Instagram,2025-05-03,https://instagram.com/post/37,Athletic performance through proper nutrition ğŸ¥‡ #athletes #nutrition,124965,4782,140
POST_0038,INF_004,Instagram,2025-06-15,https://instagram.com/post/38,Athletic performance through proper nutrition ğŸ¥‡ #athletes #nutrition,83655,2055,67
POST_0039,INF_005,LinkedIn,2025-07-04,https://linkedin.com/post/39,Mind - body - soul - complete wellness ğŸ§˜ #mindfulness #wellness,23704,701,14
POST_0040,INF_005,LinkedIn,2025-06-30,https://linkedin.com/post/40,Mind - body - soul - complete wellness ğŸ§˜ #mindfulness #wellness,19759,784,26
POST_0041,INF_005,LinkedIn,2025-05-01,https://linkedin.com/post/41,Holistic wellness approach with @HKVitals ğŸŒ¿ #wellness #holistic,15165,601,26
POST_0042,INF_005,LinkedIn,2025-05-03,https://linkedin.com/post/42,Holistic wellness approach with @HKVitals ğŸŒ¿ #wellness #holistic,12426,464,13
POST_0043,INF_005,LinkedIn,2025-05-01,https://linkedin.com/post/43,Mind - body - soul - complete wellness ğŸ§˜ #mindfulness #wellness,17221,653,13
POST_0044,INF_005,LinkedIn,2025-05-09,https://linkedin.com/post/44,Holistic wellness approach with @HKVitals ğŸŒ¿ #wellness #holistic,28681,614,23
POST_0045,INF_005,LinkedIn,2025-04-28,https://linkedin.com/post/45,Holistic wellness approach with @HKVitals ğŸŒ¿ #wellness #holistic,18784,516,20
POST_0046,INF_005,LinkedIn,2025-06-02,https://linkedin.com/post/46,Wellness journey continues ğŸŒŸ #wellnessjourney #health,15275,726,24
POST_0047,INF_005,LinkedIn,2025-06-25,https://linkedin.com/post/47,Wellness journey continues ğŸŒŸ #wellnessjourney #health,30120,607,20
POST_0048,INF_005,LinkedIn,2025-05-16,https://linkedin.com/post/48,Wellness journey continues ğŸŒŸ #wellnessjourney #health,23277,1305,50
POST_0049,INF_005,LinkedIn,2025-05-23,https://linkedin.com/post/49,Mind - body - soul - complete wellness ğŸ§˜ #mindfulness #wellness,19692,909,22
POST_0050,INF_005,LinkedIn,2025-05-30,https://linkedin.com/post/50,Wellness journey continues ğŸŒŸ #wellnessjourney #health,16132,466,20
POST_0051,INF_005,LinkedIn,2025-05-25,https://linkedin.com/post/51,Mind - body - soul - complete wellness ğŸ§˜ #mindfulness #wellness,23942,561,16
POST_0052,INF_005,LinkedIn,2025-06-14,https://linkedin.com/post/52,Wellness journey continues ğŸŒŸ #wellnessjourney #health,17418,539,14
POST_0053,INF_005,LinkedIn,2025-07-07,https://linkedin.com/post/53,Mind - body - soul - complete wellness ğŸ§˜ #mindfulness #wellness,25635,541,19
POST_0054,INF_006,YouTube,2025-06-30,https://youtube.com/post/54,Living my best life with proper nutrition ğŸŒŸ #lifestyle #health,64284,2256,109
POST_0055,INF_006,YouTube,2025-05-14,https://youtube.com/post/55,Balance is key - fitness - nutrition - wellness ğŸ§˜â€â™€ï¸ #balance #wellness,42460,805,34
POST_0056,INF_006,YouTube,2025-05-19,https://youtube.com/post/56,Living my best life with proper nutrition ğŸŒŸ #lifestyle #health,60167,2279,60
POST_0057,INF_006,YouTube,2025-06-22,https://youtube.com/post/57,Balance is key - fitness - nutrition - wellness ğŸ§˜â€â™€ï¸ #balance #wellness,45134,880,35
POST_0058,INF_006,YouTube,2025-07-05,https://youtube.com/post/58,Balance is key - fitness - nutrition - wellness ğŸ§˜â€â™€ï¸ #balance #wellness,64652,3668,132
POST_0059,INF_007,Instagram,2025-05-15,https://instagram.com/post/59,Living my best life with proper nutrition ğŸŒŸ #lifestyle #health,341713,3876,178
POST_0060,INF_007,Instagram,2025-07-20,https://instagram.com/post/60,Balance is key - fitness - nutrition - wellness ğŸ§˜â€â™€ï¸ #balance #wellness,223349,3628,109
POST_0061,INF_007,Instagram,2025-06-21,https://instagram.com/post/61,Living my best life with proper nutrition ğŸŒŸ #lifestyle #health,367866,8828,198
POST_0062,INF_007,Instagram,2025-05-18,https://instagram.com/post/62,Investing in my health daily ğŸ’ª #selfcare #health,162214,4190,92
POST_0063,INF_007,Instagram,2025-07-21,https://instagram.com/post/63,Living my best life with proper nutrition ğŸŒŸ #lifestyle #health,368519,9399,193
POST_0064,INF_007,Instagram,2025-06-26,https://instagram.com/post/64,Investing in my health daily ğŸ’ª #selfcare #health,183996,4413,117
POST_0065,INF_007,Instagram,2025-06-24,https://instagram.com/post/65,Living my best life with proper nutrition ğŸŒŸ #lifestyle #health,372241,5184,219
POST_0066,INF_007,Instagram,2025-07-06,https://instagram.com/post/66,Investing in my health daily ğŸ’ª #selfcare #health,430365,4241,124
POST_0067,INF_007,Instagram,2025-06-08,https://instagram.com/post/67,Investing in my health daily ğŸ’ª #selfcare #health,263455,5316,216
POST_0068,INF_007,Instagram,2025-06-25,https://instagram.com/post/68,Living my best life with proper nutrition ğŸŒŸ #lifestyle #health,176851,5131,195
POST_0069,INF_007,Instagram,2025-05-15,https://instagram.com/post/69,Investing in my health daily ğŸ’ª #selfcare #health,376864,6202,192
POST_0070,INF_007,Instagram,2025-05-05,https://instagram.com/post/70,Balance is key - fitness - nutrition - wellness ğŸ§˜â€â™€ï¸ #balance #wellness,247171,7531,174
POST_0071,INF_007,Instagram,2025-05-06,https://instagram.com/post/71,Investing in my health daily ğŸ’ª #selfcare #health,408873,6758,170
POST_0072,INF_007,Instagram,2025-05-04,https://instagram.com/post/72,Balance is key - fitness - nutrition - wellness ğŸ§˜â€â™€ï¸ #balance #wellness,226266,6010,207
POST_0073,INF_008,Instagram,2025-06-22,https://instagram.com/post/73,Pre-workout fuel with @HKVitals supplements ğŸ”¥ #workout #energy,264151,4623,131
POST_0074,INF_008,Instagram,2025-06-25,https://instagram.com/post/74,Pre-workout fuel with @HKVitals supplements ğŸ”¥ #workout #energy,401693,9173,276
POST_0075,INF_008,Instagram,2025-06-15,https://instagram.com/post/75,Recovery day essentials from @Gritzo ğŸ’¯ #recovery #nutrition,219029,3491,105
POST_0076,INF_008,Instagram,2025-04-28,https://instagram.com/post/76,Just crushed my workout with @MuscleBlaze protein! ğŸ’ª #fitness #protein,443335,9423,242
POST_0077,INF_008,Instagram,2025-06-04,https://instagram.com/post/77,Pre-workout fuel with @HKVitals supplements ğŸ”¥ #workout #energy,317563,8600,338
POST_0078,INF_008,Instagram,2025-05-30,https://instagram.com/post/78,Pre-workout fuel with @HKVitals supplements ğŸ”¥ #workout #energy,415332,4377,178
POST_0079,INF_008,Instagram,2025-05-03,https://instagram.com/post/79,Recovery day essentials from @Gritzo ğŸ’¯ #recovery #nutrition,347430,6846,224
POST_0080,INF_008,Instagram,2025-05-17,https://instagram.com/post/80,Just crushed my workout with @MuscleBlaze protein! ğŸ’ª #fitness #protein,266877,5831,160
POST_0081,INF_008,Instagram,2025-07-02,https://instagram.com/post/81,Just crushed my workout with @MuscleBlaze protein! ğŸ’ª #fitness #protein,261980,7686,312
POST_0082,INF_008,Instagram,2025-06-29,https://instagram.com/post/82,Recovery day essentials from @Gritzo ğŸ’¯ #recovery #nutrition,397880,6400,273
POST_0083,INF_008,Instagram,2025-06-20,https://instagram.com/post/83,Pre-workout fuel with @HKVitals supplements ğŸ”¥ #workout #energy,475588,11642,358
POST_0084,INF_008,Instagram,2025-07-25,https://instagram.com/post/84,Pre-workout fuel with @HKVitals supplements ğŸ”¥ #workout #energy,388054,3978,86
POST_0085,INF_008,Instagram,2025-04-28,https://instagram.com/post/85,Just crushed my workout with @MuscleBlaze protein! ğŸ’ª #fitness #protein,463888,11624,268
POST_0086,INF_008,Instagram,2025-05-14,https://instagram.com/post/86,Pre-workout fuel with @HKVitals supplements ğŸ”¥ #workout #energy,251955,4617,226
POST_0087,INF_009,Instagram,2025-07-12,https://instagram.com/post/87,Game day preparation with @MuscleBlaze ğŸ† #sports #performance,200388,2994,116
POST_0088,INF_009,Instagram,2025-07-07,https://instagram.com/post/88,Game day preparation with @MuscleBlaze ğŸ† #sports #performance,98396,1927,95
POST_0089,INF_009,Instagram,2025-05-16,https://instagram.com/post/89,Training hard - recovering smart ğŸ’ª #training #recovery,191647,4733,126
POST_0090,INF_009,Instagram,2025-06-08,https://instagram.com/post/90,Athletic performance through proper nutrition ğŸ¥‡ #athletes #nutrition,144066,3107,154
POST_0091,INF_009,Instagram,2025-05-15,https://instagram.com/post/91,Game day preparation with @MuscleBlaze ğŸ† #sports #performance,169910,4132,200
POST_0092,INF_009,Instagram,2025-05-07,https://instagram.com/post/92,Game day preparation with @MuscleBlaze ğŸ† #sports #performance,107767,2158,54
POST_0093,INF_009,Instagram,2025-07-06,https://instagram.com/post/93,Game day preparation with @MuscleBlaze ğŸ† #sports #performance,76188,1502,43
POST_0094,INF_009,Instagram,2025-06-20,https://instagram.com/post/94,Athletic performance through proper nutrition ğŸ¥‡ #athletes #nutrition,182934,4320,175
POST_0095,INF_009,Instagram,2025-05-07,https://instagram.com/post/95,Game day preparation with @MuscleBlaze ğŸ† #sports #performance,165175,3786,88
POST_0096,INF_009,Instagram,2025-05-05,https://instagram.com/post/96,Athletic performance through proper nutrition ğŸ¥‡ #athletes #nutrition,98365,1290,28
POST_0097,INF_009,Instagram,2025-05-11,https://instagram.com/post/97,Training hard - recovering smart ğŸ’ª #training #recovery,189300,3705,87
POST_0098,INF_009,Instagram,2025-06-18,https://instagram.com/post/98,Game day preparation with @MuscleBlaze ğŸ† #sports #performance,181839,5247,182
POST_0099,INF_010,Instagram,2025-07-21,https://instagram.com/post/99,Just crushed my workout with @MuscleBlaze protein! ğŸ’ª #fitness #protein,426652,10971,227
POST_0100,INF_010,Instagram,2025-05-01,https://instagram.com/post/100,Recovery day essentials from @Gritzo ğŸ’¯ #recovery #nutrition,410234,10412,520
POST_0101,INF_010,Instagram,2025-06-22,https://instagram.com/post/101,Pre-workout fuel with @HKVitals supplements ğŸ”¥ #workout #energy,330484,7264,258
POST_0102,INF_010,Instagram,2025-06-21,https://instagram.com/post/102,Just crushed my workout with @MuscleBlaze protein! ğŸ’ª #fitness #protein,209265,4787,166
POST_0103,INF_010,Instagram,2025-05-27,https://instagram.com/post/103,Pre-workout fuel with @HKVitals supplements ğŸ”¥ #workout #energy,260384,4634,211
POST_0104,INF_010,Instagram,2025-06-04,https://instagram.com/post/104,Recovery day essentials from @Gritzo ğŸ’¯ #recovery #nutrition,366543,6807,302
POST_0105,INF_010,Instagram,2025-07-22,https://instagram.com/post/105,Pre-workout fuel with @HKVitals supplements ğŸ”¥ #workout #energy,293199,4438,217
POST_0106,INF_010,Instagram,2025-05-22,https://instagram.com/post/106,Just crushed my workout with @MuscleBlaze protein! ğŸ’ª #fitness #protein,406847,4680,158
POST_0107,INF_010,Instagram,2025-07-02,https://instagram.com/post/107,Just crushed my workout with @MuscleBlaze protein! ğŸ’ª #fitness #protein,312733,7017,233
POST_0108,INF_010,Instagram,2025-06-30,https://instagram.com/post/108,Pre-workout fuel with @HKVitals supplements ğŸ”¥ #workout #energy,235541,2720,126
POST_0109,INF_010,Instagram,2025-07-11,https://instagram.com/post/109,Pre-workout fuel with @HKVitals supplements ğŸ”¥ #workout #energy,162400,4109,169
POST_0110,INF_010,Instagram,2025-05-17,https://instagram.com/post/110,Just crushed my workout with @MuscleBlaze protein! ğŸ’ª #fitness #protein,157734,2548,115
POST_0111,INF_010,Instagram,2025-05-28,https://instagram.com/post/111,Pre-workout fuel with @HKVitals supplements ğŸ”¥ #workout #energy,444351,8787,421
POST_0112,INF_010,Instagram,2025-05-22,https://instagram.com/post/112,Pre-workout fuel with @HKVitals supplements ğŸ”¥ #workout #energy,370147,6729,229
POST_0113,INF_011,Instagram,2025-07-08,https://instagram.com/post/113,Game day preparation with @MuscleBlaze ğŸ† #sports #performance,205471,5862,271
POST_0114,INF_011,Instagram,2025-06-21,https://instagram.com/post/114,Athletic performance through proper nutrition ğŸ¥‡ #athletes #nutrition,295951,7503,327
POST_0115,INF_011,Instagram,2025-07-26,https://instagram.com/post/115,Athletic performance through proper nutrition ğŸ¥‡ #athletes #nutrition,182043,3008,150
POST_0116,INF_011,Instagram,2025-07-07,https://instagram.com/post/116,Athletic performance through proper nutrition ğŸ¥‡ #athletes #nutrition,220112,4042,173
POST_0117,INF_011,Instagram,2025-05-29,https://instagram.com/post/117,Athletic performance through proper nutrition ğŸ¥‡ #athletes #nutrition,333199,10882,295
POST_0118,INF_011,Instagram,2025-06-27,https://instagram.com/post/118,Athletic performance through proper nutrition ğŸ¥‡ #athletes #nutrition,315330,5326,182
POST_0119,INF_011,Instagram,2025-06-07,https://instagram.com/post/119,Game day preparation with @MuscleBlaze ğŸ† #sports #performance,346119,9490,233
POST_0120,INF_011,Instagram,2025-07-10,https://instagram.com/post/120,Athletic performance through proper nutrition ğŸ¥‡ #athletes #nutrition,233075,5833,269
POST_0121,INF_011,Instagram,2025-07-14,https://instagram.com/post/121,Training hard - recovering smart ğŸ’ª #training #recovery,238577,4972,160
POST_0122,INF_011,Instagram,2025-07-07,https://instagram.com/post/122,Athletic performance through proper nutrition ğŸ¥‡ #athletes #nutrition,133672,3104,120
POST_0123,INF_011,Instagram,2025-05-04,https://instagram.com/post/123,Athletic performance through proper nutrition ğŸ¥‡ #athletes #nutrition,134948,2392,86
POST_0124,INF_011,Instagram,2025-05-07,https://instagram.com/post/124,Game day preparation with @MuscleBlaze ğŸ† #sports #performance,283403,8201,172
POST_0125,INF_011,Instagram,2025-06-26,https://instagram.com/post/125,Athletic performance through proper nutrition ğŸ¥‡ #athletes #nutrition,263043,8962,380
POST_0126,INF_012,LinkedIn,2025-05-06,https://linkedin.com/post/126,Just crushed my workout with @MuscleBlaze protein! ğŸ’ª #fitness #protein,24755,493,14
POST_0127,INF_012,LinkedIn,2025-07-21,https://linkedin.com/post/127,Just crushed my workout with @MuscleBlaze protein! ğŸ’ª #fitness #protein,16951,346,11
POST_0128,INF_012,LinkedIn,2025-05-20,https://linkedin.com/post/128,Recovery day essentials from @Gritzo ğŸ’¯ #recovery #nutrition,18754,661,16
POST_0129,INF_012,LinkedIn,2025-06-08,https://linkedin.com/post/129,Pre-workout fuel with @HKVitals supplements ğŸ”¥ #workout #energy,23024,730,17
POST_0130,INF_012,LinkedIn,2025-05-06,https://linkedin.com/post/130,Pre-workout fuel with @HKVitals supplements ğŸ”¥ #workout #energy,15503,344,15
POST_0131,INF_012,LinkedIn,2025-05-01,https://linkedin.com/post/131,Pre-workout fuel with @HKVitals supplements ğŸ”¥ #workout #energy,21520,563,27
POST_0132,INF_013,Instagram,2025-06-02,https://instagram.com/post/132,Post-workout nutrition with @MuscleBlaze ğŸ¥¤ #protein #recovery,387147,6822,340
POST_0133,INF_013,Instagram,2025-07-13,https://instagram.com/post/133,Post-workout nutrition with @MuscleBlaze ğŸ¥¤ #protein #recovery,239774,5294,263
POST_0134,INF_013,Instagram,2025-07-24,https://instagram.com/post/134,Kids nutrition made easy with @Gritzo ğŸ‘¶ #kidshealth #nutrition,480698,10130,374
POST_0135,INF_013,Instagram,2025-07-20,https://instagram.com/post/135,Starting my day with @HKVitals multivitamins â˜€ï¸ #health #nutrition,458800,12946,609
POST_0136,INF_013,Instagram,2025-05-10,https://instagram.com/post/136,Kids nutrition made easy with @Gritzo ğŸ‘¶ #kidshealth #nutrition,423451,5334,146
POST_0137,INF_013,Instagram,2025-05-03,https://instagram.com/post/137,Starting my day with @HKVitals multivitamins â˜€ï¸ #health #nutrition,384070,4103,159
POST_0138,INF_013,Instagram,2025-06-17,https://instagram.com/post/138,Post-workout nutrition with @MuscleBlaze ğŸ¥¤ #protein #recovery,419118,4229,101
POST_0139,INF_013,Instagram,2025-06-15,https://instagram.com/post/139,Post-workout nutrition with @MuscleBlaze ğŸ¥¤ #protein #recovery,405740,4675,169
POST_0140,INF_013,Instagram,2025-05-20,https://instagram.com/post/140,Post-workout nutrition with @MuscleBlaze ğŸ¥¤ #protein #recovery,325831,4358,206
POST_0141,INF_013,Instagram,2025-06-19,https://instagram.com/post/141,Starting my day with @HKVitals multivitamins â˜€ï¸ #health #nutrition,405441,5754,281
POST_0142,INF_013,Instagram,2025-06-28,https://instagram.com/post/142,Kids nutrition made easy with @Gritzo ğŸ‘¶ #kidshealth #nutrition,442383,12910,632
POST_0143,INF_013,Instagram,2025-06-10,https://instagram.com/post/143,Post-workout nutrition with @MuscleBlaze ğŸ¥¤ #protein #recovery,191994,3111,73
POST_0144,INF_013,Instagram,2025-05-01,https://instagram.com/post/144,Post-workout nutrition with @MuscleBlaze ğŸ¥¤ #protein #recovery,406238,5897,230
POST_0145,INF_013,Instagram,2025-07-13,https://instagram.com/post/145,Post-workout nutrition with @MuscleBlaze ğŸ¥¤ #protein #recovery,382113,7779,375
POST_0146,INF_013,Instagram,2025-05-09,https://instagram.com/post/146,Post-workout nutrition with @MuscleBlaze ğŸ¥¤ #protein #recovery,234623,2985,141
POST_0147,INF_014,YouTube,2025-06-04,https://youtube.com/post/147,Living my best life with proper nutrition ğŸŒŸ #lifestyle #health,37182,647,32
POST_0148,INF_014,YouTube,2025-07-14,https://youtube.com/post/148,Investing in my health daily ğŸ’ª #selfcare #health,44304,1529,47
POST_0149,INF_014,YouTube,2025-04-28,https://youtube.com/post/149,Balance is key - fitness - nutrition - wellness ğŸ§˜â€â™€ï¸ #balance #wellness,87185,3115,76
POST_0150,INF_014,YouTube,2025-05-04,https://youtube.com/post/150,Living my best life with proper nutrition ğŸŒŸ #lifestyle #health,36118,1206,58
POST_0151,INF_014,YouTube,2025-04-29,https://youtube.com/post/151,Living my best life with proper nutrition ğŸŒŸ #lifestyle #health,52488,2062,94
POST_0152,INF_014,YouTube,2025-04-30,https://youtube.com/post/152,Balance is key - fitness - nutrition - wellness ğŸ§˜â€â™€ï¸ #balance #wellness,52296,2603,56
POST_0153,INF_014,YouTube,2025-07-02,https://youtube.com/post/153,Living my best life with proper nutrition ğŸŒŸ #lifestyle #health,88525,4847,110
POST_0154,INF_014,YouTube,2025-05-05,https://youtube.com/post/154,Living my best life with proper nutrition ğŸŒŸ #lifestyle #health,68705,2768,83
POST_0155,INF_014,YouTube,2025-05-15,https://youtube.com/post/155,Living my best life with proper nutrition ğŸŒŸ #lifestyle #health,42520,1950,73
POST_0156,INF_014,YouTube,2025-06-14,https://youtube.com/post/156,Living my best life with proper nutrition ğŸŒŸ #lifestyle #health,76838,3483,98
POST_0157,INF_014,YouTube,2025-07-10,https://youtube.com/post/157,Living my best life with proper nutrition ğŸŒŸ #lifestyle #health,62719,2326,106
POST_0158,INF_014,YouTube,2025-07-25,https://youtube.com/post/158,Balance is key - fitness - nutrition - wellness ğŸ§˜â€â™€ï¸ #balance #wellness,51747,2339,47
POST_0159,INF_014,YouTube,2025-07-20,https://youtube.com/post/159,Balance is key - fitness - nutrition - wellness ğŸ§˜â€â™€ï¸ #balance #wellness,37790,1042,22
POST_0160,INF_014,YouTube,2025-06-10,https://youtube.com/post/160,Living my best life with proper nutrition ğŸŒŸ #lifestyle #health,61093,1423,68
POST_0161,INF_014,YouTube,2025-05-03,https://youtube.com/post/161,Balance is key - fitness - nutrition - wellness ğŸ§˜â€â™€ï¸ #balance #wellness,61588,2463,53
POST_0162,INF_015,YouTube,2025-06-02,https://youtube.com/post/162,Living my best life with proper nutrition ğŸŒŸ #lifestyle #health,90743,3665,81
POST_0163,INF_015,YouTube,2025-06-15,https://youtube.com/post/163,Investing in my health daily ğŸ’ª #selfcare #health,84790,1695,66
POST_0164,INF_015,YouTube,2025-06-15,https://youtube.com/post/164,Balance is key - fitness - nutrition - wellness ğŸ§˜â€â™€ï¸ #balance #wellness,67394,2346,82
POST_0165,INF_015,YouTube,2025-07-14,https://youtube.com/post/165,Investing in my health daily ğŸ’ª #selfcare #health,98929,2461,114
POST_0166,INF_015,YouTube,2025-06-29,https://youtube.com/post/166,Balance is key - fitness - nutrition - wellness ğŸ§˜â€â™€ï¸ #balance #wellness,71155,3204,143
POST_0167,INF_015,YouTube,2025-06-03,https://youtube.com/post/167,Living my best life with proper nutrition ğŸŒŸ #lifestyle #health,94072,2556,70
POST_0168,INF_015,YouTube,2025-04-30,https://youtube.com/post/168,Living my best life with proper nutrition ğŸŒŸ #lifestyle #health,108866,2714,61
POST_0169,INF_015,YouTube,2025-06-09,https://youtube.com/post/169,Balance is key - fitness - nutrition - wellness ğŸ§˜â€â™€ï¸ #balance #wellness,100357,3809,140
POST_0170,INF_015,YouTube,2025-05-02,https://youtube.com/post/170,Investing in my health daily ğŸ’ª #selfcare #health,47604,1553,66
POST_0171,INF_015,YouTube,2025-07-20,https://youtube.com/post/171,Living my best life with proper nutrition ğŸŒŸ #lifestyle #health,112340,4016,149
POST_0172,INF_015,YouTube,2025-07-07,https://youtube.com/post/172,Balance is key - fitness - nutrition - wellness ğŸ§˜â€â™€ï¸ #balance #wellness,88496,1994,90
POST_0173,INF_016,LinkedIn,2025-06-21,https://linkedin.com/post/173,Wellness journey continues ğŸŒŸ #wellnessjourney #health,73416,3694,181
POST_0174,INF_016,LinkedIn,2025-05-09,https://linkedin.com/post/174,Wellness journey continues ğŸŒŸ #wellnessjourney #health,80311,3076,122
POST_0175,INF_016,LinkedIn,2025-06-22,https://linkedin.com/post/175,Mind - body - soul - complete wellness ğŸ§˜ #mindfulness #wellness,36154,1126,53
POST_0176,INF_016,LinkedIn,2025-07-26,https://linkedin.com/post/176,Wellness journey continues ğŸŒŸ #wellnessjourney #health,46575,1202,26
POST_0177,INF_016,LinkedIn,2025-05-06,https://linkedin.com/post/177,Mind - body - soul - complete wellness ğŸ§˜ #mindfulness #wellness,100600,2316,72
POST_0178,INF_016,LinkedIn,2025-06-13,https://linkedin.com/post/178,Wellness journey continues ğŸŒŸ #wellnessjourney #health,44934,1226,59
POST_0179,INF_017,LinkedIn,2025-07-20,https://linkedin.com/post/179,Supporting immunity with quality supplements ğŸ›¡ï¸ #immunity #health,50384,1761,39
POST_0180,INF_017,LinkedIn,2025-05-03,https://linkedin.com/post/180,Healthy lifestyle choices matter ğŸ’š #health #lifestyle,71014,2620,69
POST_0181,INF_017,LinkedIn,2025-07-12,https://linkedin.com/post/181,Healthy lifestyle choices matter ğŸ’š #health #lifestyle,64955,1623,61
POST_0182,INF_017,LinkedIn,2025-05-02,https://linkedin.com/post/182,Daily wellness routine with @HKVitals ğŸŒ± #wellness #health,62130,1974,42
POST_0183,INF_017,LinkedIn,2025-06-18,https://linkedin.com/post/183,Daily wellness routine with @HKVitals ğŸŒ± #wellness #health,111079,5283,151
POST_0184,INF_017,LinkedIn,2025-07-26,https://linkedin.com/post/184,Daily wellness routine with @HKVitals ğŸŒ± #wellness #health,76653,2149,77
POST_0185,INF_018,YouTube,2025-05-16,https://youtube.com/post/185,Game day preparation with @MuscleBlaze ğŸ† #sports #performance,261428,5660,259
POST_0186,INF_018,YouTube,2025-06-01,https://youtube.com/post/186,Training hard - recovering smart ğŸ’ª #training #recovery,101708,3309,123
POST_0187,INF_018,YouTube,2025-06-05,https://youtube.com/post/187,Athletic performance through proper nutrition ğŸ¥‡ #athletes #nutrition,237144,3682,75
POST_0188,INF_018,YouTube,2025-07-05,https://youtube.com/post/188,Game day preparation with @MuscleBlaze ğŸ† #sports #performance,255148,6463,307
POST_0189,INF_018,YouTube,2025-06-01,https://youtube.com/post/189,Athletic performance through proper nutrition ğŸ¥‡ #athletes #nutrition,263610,4058,144
POST_0190,INF_018,YouTube,2025-06-17,https://youtube.com/post/190,Training hard - recovering smart ğŸ’ª #training #recovery,244262,3918,87
POST_0191,INF_018,YouTube,2025-07-12,https://youtube.com/post/191,Training hard - recovering smart ğŸ’ª #training #recovery,202069,3114,95
POST_0192,INF_018,YouTube,2025-07-08,https://youtube.com/post/192,Training hard - recovering smart ğŸ’ª #training #recovery,144359,1640,62
POST_0193,INF_018,YouTube,2025-07-17,https://youtube.com/post/193,Training hard - recovering smart ğŸ’ª #training #recovery,132766,3371,143
POST_0194,INF_018,YouTube,2025-05-30,https://youtube.com/post/194,Athletic performance through proper nutrition ğŸ¥‡ #athletes #nutrition,231582,6767,335
POST_0195,INF_018,YouTube,2025-05-07,https://youtube.com/post/195,Athletic performance through proper nutrition ğŸ¥‡ #athletes #nutrition,160019,2970,115
POST_0196,INF_018,YouTube,2025-05-12,https://youtube.com/post/196,Game day preparation with @MuscleBlaze ğŸ† #sports #performance,109047,2030,68
POST_0197,INF_018,YouTube,2025-06-09,https://youtube.com/post/197,Training hard - recovering smart ğŸ’ª #training #recovery,261103,3450,157
POST_0198,INF_019,LinkedIn,2025-05-23,https://linkedin.com/post/198,Starting my day with @HKVitals multivitamins â˜€ï¸ #health #nutrition,30429,1345,56
POST_0199,INF_019,LinkedIn,2025-05-30,https://linkedin.com/post/199,Kids nutrition made easy with @Gritzo ğŸ‘¶ #kidshealth #nutrition,48476,1576,60
POST_0200,INF_019,LinkedIn,2025-07-07,https://linkedin.com/post/200,Kids nutrition made easy with @Gritzo ğŸ‘¶ #kidshealth #nutrition,50150,1889,85
POST_0201,INF_019,LinkedIn,2025-07-16,https://linkedin.com/post/201,Post-workout nutrition with @MuscleBlaze ğŸ¥¤ #protein #recovery,34559,782,25
POST_0202,INF_019,LinkedIn,2025-05-20,https://linkedin.com/post/202,Post-workout nutrition with @MuscleBlaze ğŸ¥¤ #protein #recovery,35186,826,23
POST_0203,INF_019,LinkedIn,2025-06-13,https://linkedin.com/post/203,Post-workout nutrition with @MuscleBlaze ğŸ¥¤ #protein #recovery,40558,920,27
POST_0204,INF_019,LinkedIn,2025-07-14,https://linkedin.com/post/204,Kids nutrition made easy with @Gritzo ğŸ‘¶ #kidshealth #nutrition,36397,1035,47
POST_0205,INF_019,LinkedIn,2025-07-07,https://linkedin.com/post/205,Kids nutrition made easy with @Gritzo ğŸ‘¶ #kidshealth #nutrition,28670,920,28
POST_0206,INF_019,LinkedIn,2025-04-28,https://linkedin.com/post/206,Kids nutrition made easy with @Gritzo ğŸ‘¶ #kidshealth #nutrition,39981,1034,23
POST_0207,INF_019,LinkedIn,2025-06-08,https://linkedin.com/post/207,Kids nutrition made easy with @Gritzo ğŸ‘¶ #kidshealth #nutrition,39340,999,41
POST_0208,INF_019,LinkedIn,2025-04-30,https://linkedin.com/post/208,Starting my day with @HKVitals multivitamins â˜€ï¸ #health #nutrition,48593,1183,41
POST_0209,INF_019,LinkedIn,2025-06-10,https://linkedin.com/post/209,Starting my day with @HKVitals multivitamins â˜€ï¸ #health #nutrition,27827,1265,54
POST_0210,INF_019,LinkedIn,2025-06-28,https://linkedin.com/post/210,Kids nutrition made easy with @Gritzo ğŸ‘¶ #kidshealth #nutrition,51604,1168,50
POST_0211,INF_019,LinkedIn,2025-05-18,https://linkedin.com/post/211,Kids nutrition made easy with @Gritzo ğŸ‘¶ #kidshealth #nutrition,45932,1741,52
POST_0212,INF_020,YouTube,2025-05-11,https://youtube.com/post/212,Starting my day with @HKVitals multivitamins â˜€ï¸ #health #nutrition,75512,2126,91
POST_0213,INF_020,YouTube,2025-05-31,https://youtube.com/post/213,Kids nutrition made easy with @Gritzo ğŸ‘¶ #kidshealth #nutrition,46828,1575,77
POST_0214,INF_020,YouTube,2025-06-20,https://youtube.com/post/214,Post-workout nutrition with @MuscleBlaze ğŸ¥¤ #protein #recovery,107868,4194,113
POST_0215,INF_020,YouTube,2025-07-02,https://youtube.com/post/215,Post-workout nutrition with @MuscleBlaze ğŸ¥¤ #protein #recovery,74747,4320,146
POST_0216,INF_020,YouTube,2025-06-08,https://youtube.com/post/216,Kids nutrition made easy with @Gritzo ğŸ‘¶ #kidshealth #nutrition,86380,2432,63
POST_0217,INF_020,YouTube,2025-07-09,https://youtube.com/post/217,Starting my day with @HKVitals multivitamins â˜€ï¸ #health #nutrition,118256,2530,78
POST_0218,INF_020,YouTube,2025-05-21,https://youtube.com/post/218,Kids nutrition made easy with @Gritzo ğŸ‘¶ #kidshealth #nutrition,116376,3672,103
POST_0219,INF_021,LinkedIn,2025-06-01,https://linkedin.com/post/219,Daily wellness routine with @HKVitals ğŸŒ± #wellness #health,19760,1053,49
POST_0220,INF_021,LinkedIn,2025-06-03,https://linkedin.com/post/220,Supporting immunity with quality supplements ğŸ›¡ï¸ #immunity #health,18476,579,28
POST_0221,INF_021,LinkedIn,2025-06-28,https://linkedin.com/post/221,Daily wellness routine with @HKVitals ğŸŒ± #wellness #health,17639,960,37
POST_0222,INF_021,LinkedIn,2025-07-09,https://linkedin.com/post/222,Healthy lifestyle choices matter ğŸ’š #health #lifestyle,17977,844,37
POST_0223,INF_021,LinkedIn,2025-05-27,https://linkedin.com/post/223,Daily wellness routine with @HKVitals ğŸŒ± #wellness #health,31679,531,14
POST_0224,INF_021,LinkedIn,2025-05-17,https://linkedin.com/post/224,Daily wellness routine with @HKVitals ğŸŒ± #wellness #health,48098,1784,77
POST_0225,INF_021,LinkedIn,2025-06-18,https://linkedin.com/post/225,Daily wellness routine with @HKVitals ğŸŒ± #wellness #health,20767,595,23
POST_0226,INF_022,LinkedIn,2025-05-24,https://linkedin.com/post/226,Starting my day with @HKVitals multivitamins â˜€ï¸ #health #nutrition,53207,1097,29
POST_0227,INF_022,LinkedIn,2025-06-19,https://linkedin.com/post/227,Kids nutrition made easy with @Gritzo ğŸ‘¶ #kidshealth #nutrition,45081,1553,50
POST_0228,INF_022,LinkedIn,2025-05-02,https://linkedin.com/post/228,Kids nutrition made easy with @Gritzo ğŸ‘¶ #kidshealth #nutrition,28410,1156,41
POST_0229,INF_022,LinkedIn,2025-05-23,https://linkedin.com/post/229,Post-workout nutrition with @MuscleBlaze ğŸ¥¤ #protein #recovery,51141,1602,62
POST_0230,INF_022,LinkedIn,2025-06-24,https://linkedin.com/post/230,Kids nutrition made easy with @Gritzo ğŸ‘¶ #kidshealth #nutrition,60512,1537,41
POST_0231,INF_022,LinkedIn,2025-05-07,https://linkedin.com/post/231,Post-workout nutrition with @MuscleBlaze ğŸ¥¤ #protein #recovery,29286,1209,29
POST_0232,INF_023,LinkedIn,2025-06-13,https://linkedin.com/post/232,Wellness journey continues ğŸŒŸ #wellnessjourney #health,77843,2185,74
POST_0233,INF_023,LinkedIn,2025-05-26,https://linkedin.com/post/233,Mind - body - soul - complete wellness ğŸ§˜ #mindfulness #wellness,67070,2454,106
POST_0234,INF_023,LinkedIn,2025-07-22,https://linkedin.com/post/234,Mind - body - soul - complete wellness ğŸ§˜ #mindfulness #wellness,47022,881,18
POST_0235,INF_023,LinkedIn,2025-05-22,https://linkedin.com/post/235,Wellness journey continues ğŸŒŸ #wellnessjourney #health,53231,2341,49
POST_0236,INF_023,LinkedIn,2025-07-02,https://linkedin.com/post/236,Mind - body - soul - complete wellness ğŸ§˜ #mindfulness #wellness,46587,1750,69
POST_0237,INF_023,LinkedIn,2025-07-11,https://linkedin.com/post/237,Mind - body - soul - complete wellness ğŸ§˜ #mindfulness #wellness,77003,2447,81
POST_0238,INF_023,LinkedIn,2025-06-13,https://linkedin.com/post/238,Wellness journey continues ğŸŒŸ #wellnessjourney #health,87338,3043,145
POST_0239,INF_023,LinkedIn,2025-06-22,https://linkedin.com/post/239,Holistic wellness approach with @HKVitals ğŸŒ¿ #wellness #holistic,77110,2681,102
POST_0240,INF_023,LinkedIn,2025-05-18,https://linkedin.com/post/240,Mind - body - soul - complete wellness ğŸ§˜ #mindfulness #wellness,47041,1010,29
POST_0241,INF_023,LinkedIn,2025-05-10,https://linkedin.com/post/241,Wellness journey continues ğŸŒŸ #wellnessjourney #health,72163,1763,58
POST_0242,INF_023,LinkedIn,2025-06-11,https://linkedin.com/post/242,Holistic wellness approach with @HKVitals ğŸŒ¿ #wellness #holistic,66070,2305,100
POST_0243,INF_023,LinkedIn,2025-07-17,https://linkedin.com/post/243,Holistic wellness approach with @HKVitals ğŸŒ¿ #wellness #holistic,69408,2245,95
POST_0244,INF_023,LinkedIn,2025-07-23,https://linkedin.com/post/244,Holistic wellness approach with @HKVitals ğŸŒ¿ #wellness #holistic,38093,1620,34
POST_0245,INF_024,YouTube,2025-05-05,https://youtube.com/post/245,Investing in my health daily ğŸ’ª #selfcare #health,164851,2989,114
POST_0246,INF_024,YouTube,2025-05-30,https://youtube.com/post/246,Investing in my health daily ğŸ’ª #selfcare #health,275692,5314,197
POST_0247,INF_024,YouTube,2025-06-10,https://youtube.com/post/247,Investing in my health daily ğŸ’ª #selfcare #health,170884,3535,82
POST_0248,INF_024,YouTube,2025-07-03,https://youtube.com/post/248,Balance is key - fitness - nutrition - wellness ğŸ§˜â€â™€ï¸ #balance #wellness,190105,3455,96
POST_0249,INF_024,YouTube,2025-05-30,https://youtube.com/post/249,Living my best life with proper nutrition ğŸŒŸ #lifestyle #health,135973,3258,162
POST_0250,INF_024,YouTube,2025-07-11,https://youtube.com/post/250,Living my best life with proper nutrition ğŸŒŸ #lifestyle #health,120970,1207,49
POST_0251,INF_024,YouTube,2025-04-30,https://youtube.com/post/251,Investing in my health daily ğŸ’ª #selfcare #health,279257,8860,365
POST_0252,INF_024,YouTube,2025-05-18,https://youtube.com/post/252,Investing in my health daily ğŸ’ª #selfcare #health,150395,2076,85
POST_0253,INF_025,Instagram,2025-07-04,https://instagram.com/post/253,Just crushed my workout with @MuscleBlaze protein! ğŸ’ª #fitness #protein,277770,4755,123
POST_0254,INF_025,Instagram,2025-06-26,https://instagram.com/post/254,Recovery day essentials from @Gritzo ğŸ’¯ #recovery #nutrition,277057,2979,92
POST_0255,INF_025,Instagram,2025-07-10,https://instagram.com/post/255,Recovery day essentials from @Gritzo ğŸ’¯ #recovery #nutrition,238747,2585,129
POST_0256,INF_025,Instagram,2025-05-26,https://instagram.com/post/256,Pre-workout fuel with @HKVitals supplements ğŸ”¥ #workout #energy,220227,6313,140
POST_0257,INF_025,Instagram,2025-05-05,https://instagram.com/post/257,Recovery day essentials from @Gritzo ğŸ’¯ #recovery #nutrition,123279,2397,57
POST_0258,INF_025,Instagram,2025-05-06,https://instagram.com/post/258,Just crushed my workout with @MuscleBlaze protein! ğŸ’ª #fitness #protein,233559,5043,176
POST_0259,INF_025,Instagram,2025-07-11,https://instagram.com/post/259,Just crushed my workout with @MuscleBlaze protein! ğŸ’ª #fitness #protein,218597,3040,146
POST_0260,INF_025,Instagram,2025-06-12,https://instagram.com/post/260,Just crushed my workout with @MuscleBlaze protein! ğŸ’ª #fitness #protein,310790,5786,129
POST_0261,INF_025,Instagram,2025-05-06,https://instagram.com/post/261,Just crushed my workout with @MuscleBlaze protein! ğŸ’ª #fitness #protein,312694,5085,195
POST_0262,INF_025,Instagram,2025-05-23,https://instagram.com/post/262,Recovery day essentials from @Gritzo ğŸ’¯ #recovery #nutrition,244982,5522,138
POST_0263,INF_025,Instagram,2025-05-10,https://instagram.com/post/263,Just crushed my workout with @MuscleBlaze protein! ğŸ’ª #fitness #protein,179845,4181,191
POST_0264,INF_025,Instagram,2025-07-21,https://instagram.com/post/264,Recovery day essentials from @Gritzo ğŸ’¯ #recovery #nutrition,311018,7161,188
POST_0265,INF_025,Instagram,2025-06-03,https://instagram.com/post/265,Recovery day essentials from @Gritzo ğŸ’¯ #recovery #nutrition,240069,2942,106
POST_0266,INF_025,Instagram,2025-06-18,https://instagram.com/post/266,Just crushed my workout with @MuscleBlaze protein! ğŸ’ª #fitness #protein,211048,5914,171
POST_0267,INF_025,Instagram,2025-04-29,https://instagram.com/post/267,Recovery day essentials from @Gritzo ğŸ’¯ #recovery #nutrition,120219,2244,58
POST_0268,INF_026,Instagram,2025-06-16,https://instagram.com/post/268,Supporting immunity with quality supplements ğŸ›¡ï¸ #immunity #health,359663,7044,213
POST_0269,INF_026,Instagram,2025-07-10,https://instagram.com/post/269,Daily wellness routine with @HKVitals ğŸŒ± #wellness #health,333029,5695,155
POST_0270,INF_026,Instagram,2025-06-22,https://instagram.com/post/270,Healthy lifestyle choices matter ğŸ’š #health #lifestyle,250854,2637,127
POST_0271,INF_026,Instagram,2025-06-03,https://instagram.com/post/271,Healthy lifestyle choices matter ğŸ’š #health #lifestyle,197670,4662,139
POST_0272,INF_026,Instagram,2025-06-16,https://instagram.com/post/272,Supporting immunity with quality supplements ğŸ›¡ï¸ #immunity #health,182233,2879,97
POST_0273,INF_026,Instagram,2025-05-24,https://instagram.com/post/273,Daily wellness routine with @HKVitals ğŸŒ± #wellness #health,138207,4003,196
POST_0274,INF_026,Instagram,2025-05-13,https://instagram.com/post/274,Healthy lifestyle choices matter ğŸ’š #health #lifestyle,225309,2475,115
POST_0275,INF_027,Instagram,2025-05-27,https://instagram.com/post/275,Supporting immunity with quality supplements ğŸ›¡ï¸ #immunity #health,127592,1093,26
POST_0276,INF_027,Instagram,2025-06-10,https://instagram.com/post/276,Daily wellness routine with @HKVitals ğŸŒ± #wellness #health,205228,3412,126
POST_0277,INF_027,Instagram,2025-06-10,https://instagram.com/post/277,Supporting immunity with quality supplements ğŸ›¡ï¸ #immunity #health,171025,1965,84
POST_0278,INF_027,Instagram,2025-05-08,https://instagram.com/post/278,Supporting immunity with quality supplements ğŸ›¡ï¸ #immunity #health,191676,2823,89
POST_0279,INF_027,Instagram,2025-05-16,https://instagram.com/post/279,Healthy lifestyle choices matter ğŸ’š #health #lifestyle,233660,5158,181
POST_0280,INF_027,Instagram,2025-07-21,https://instagram.com/post/280,Supporting immunity with quality supplements ğŸ›¡ï¸ #immunity #health,88547,1052,35
POST_0281,INF_027,Instagram,2025-07-07,https://instagram.com/post/281,Daily wellness routine with @HKVitals ğŸŒ± #wellness #health,179637,3397,130
POST_0282,INF_027,Instagram,2025-06-06,https://instagram.com/post/282,Healthy lifestyle choices matter ğŸ’š #health #lifestyle,242050,5517,166
POST_0283,INF_027,Instagram,2025-05-19,https://instagram.com/post/283,Supporting immunity with quality supplements ğŸ›¡ï¸ #immunity #health,160734,3382,69
POST_0284,INF_027,Instagram,2025-05-01,https://instagram.com/post/284,Healthy lifestyle choices matter ğŸ’š #health #lifestyle,98989,1674,78
POST_0285,INF_027,Instagram,2025-05-07,https://instagram.com/post/285,Healthy lifestyle choices matter ğŸ’š #health #lifestyle,85518,1978,86
POST_0286,INF_027,Instagram,2025-05-14,https://instagram.com/post/286,Healthy lifestyle choices matter ğŸ’š #health #lifestyle,118140,1292,46
POST_0287,INF_027,Instagram,2025-05-08,https://instagram.com/post/287,Healthy lifestyle choices matter ğŸ’š #health #lifestyle,206974,4112,112
POST_0288,INF_027,Instagram,2025-04-28,https://instagram.com/post/288,Healthy lifestyle choices matter ğŸ’š #health #lifestyle,99036,951,23
POST_0289,INF_027,Instagram,2025-06-30,https://instagram.com/post/289,Healthy lifestyle choices matter ğŸ’š #health #lifestyle,147829,4403,203
POST_0290,INF_028,YouTube,2025-07-09,https://youtube.com/post/290,Mind - body - soul - complete wellness ğŸ§˜ #mindfulness #wellness,120224,3059,105
POST_0291,INF_028,YouTube,2025-06-16,https://youtube.com/post/291,Wellness journey continues ğŸŒŸ #wellnessjourney #health,171917,3343,121
POST_0292,INF_028,YouTube,2025-04-30,https://youtube.com/post/292,Holistic wellness approach with @HKVitals ğŸŒ¿ #wellness #holistic,134933,3362,86
POST_0293,INF_028,YouTube,2025-06-21,https://youtube.com/post/293,Mind - body - soul - complete wellness ğŸ§˜ #mindfulness #wellness,124875,2152,62
POST_0294,INF_028,YouTube,2025-06-30,https://youtube.com/post/294,Wellness journey continues ğŸŒŸ #wellnessjourney #health,140471,2756,101
POST_0295,INF_029,Instagram,2025-06-20,https://instagram.com/post/295,Balance is key - fitness - nutrition - wellness ğŸ§˜â€â™€ï¸ #balance #wellness,178434,3996,197
POST_0296,INF_029,Instagram,2025-07-08,https://instagram.com/post/296,Balance is key - fitness - nutrition - wellness ğŸ§˜â€â™€ï¸ #balance #wellness,226804,3878,117
POST_0297,INF_029,Instagram,2025-05-04,https://instagram.com/post/297,Investing in my health daily ğŸ’ª #selfcare #health,217046,3743,135
POST_0298,INF_029,Instagram,2025-04-28,https://instagram.com/post/298,Living my best life with proper nutrition ğŸŒŸ #lifestyle #health,221401,2957,80
POST_0299,INF_029,Instagram,2025-05-02,https://instagram.com/post/299,Balance is key - fitness - nutrition - wellness ğŸ§˜â€â™€ï¸ #balance #wellness,403189,5226,120
POST_0300,INF_029,Instagram,2025-05-27,https://instagram.com/post/300,Living my best life with proper nutrition ğŸŒŸ #lifestyle #health,172314,3512,128
POST_0301,INF_029,Instagram,2025-06-04,https://instagram.com/post/301,Balance is key - fitness - nutrition - wellness ğŸ§˜â€â™€ï¸ #balance #wellness,330799,9045,357
POST_0302,INF_029,Instagram,2025-06-15,https://instagram.com/post/302,Living my best life with proper nutrition ğŸŒŸ #lifestyle #health,225359,2791,110
POST_0303,INF_029,Instagram,2025-05-19,https://instagram.com/post/303,Balance is key - fitness - nutrition - wellness ğŸ§˜â€â™€ï¸ #balance #wellness,355416,7822,372
POST_0304,INF_030,YouTube,2025-07-22,https://youtube.com/post/304,Post-workout nutrition with @MuscleBlaze ğŸ¥¤ #protein #recovery,38019,1210,58
POST_0305,INF_030,YouTube,2025-07-22,https://youtube.com/post/305,Post-workout nutrition with @MuscleBlaze ğŸ¥¤ #protein #recovery,12932,403,19
POST_0306,INF_030,YouTube,2025-05-29,https://youtube.com/post/306,Kids nutrition made easy with @Gritzo ğŸ‘¶ #kidshealth #nutrition,37814,1369,65
POST_0307,INF_030,YouTube,2025-05-28,https://youtube.com/post/307,Kids nutrition made easy with @Gritzo ğŸ‘¶ #kidshealth #nutrition,19625,809,33
POST_0308,INF_030,YouTube,2025-06-24,https://youtube.com/post/308,Kids nutrition made easy with @Gritzo ğŸ‘¶ #kidshealth #nutrition,30945,590,17
POST_0309,INF_030,YouTube,2025-07-02,https://youtube.com/post/309,Kids nutrition made easy with @Gritzo ğŸ‘¶ #kidshealth #nutrition,17153,908,40
POST_0310,INF_030,YouTube,2025-06-15,https://youtube.com/post/310,Post-workout nutrition with @MuscleBlaze ğŸ¥¤ #protein #recovery,14899,521,12
POST_0311,INF_031,Instagram,2025-07-26,https://instagram.com/post/311,Balance is key - fitness - nutrition - wellness ğŸ§˜â€â™€ï¸ #balance #wellness,231177,3745,182
POST_0312,INF_031,Instagram,2025-05-13,https://instagram.com/post/312,Living my best life with proper nutrition ğŸŒŸ #lifestyle #health,371593,4034,164
POST_0313,INF_031,Instagram,2025-05-02,https://instagram.com/post/313,Investing in my health daily ğŸ’ª #selfcare #health,187858,2916,102
POST_0314,INF_031,Instagram,2025-06-17,https://instagram.com/post/314,Living my best life with proper nutrition ğŸŒŸ #lifestyle #health,361690,9689,300
POST_0315,INF_031,Instagram,2025-06-28,https://instagram.com/post/315,Balance is key - fitness - nutrition - wellness ğŸ§˜â€â™€ï¸ #balance #wellness,442844,8507,422
POST_0316,INF_031,Instagram,2025-06-03,https://instagram.com/post/316,Living my best life with proper nutrition ğŸŒŸ #lifestyle #health,365230,11382,501
POST_0317,INF_031,Instagram,2025-06-25,https://instagram.com/post/317,Investing in my health daily ğŸ’ª #selfcare #health,358667,8764,313
POST_0318,INF_031,Instagram,2025-06-10,https://instagram.com/post/318,Investing in my health daily ğŸ’ª #selfcare #health,175666,3083,112
POST_0319,INF_032,Instagram,2025-05-14,https://instagram.com/post/319,Wellness journey continues ğŸŒŸ #wellnessjourney #health,221779,3365,111
POST_0320,INF_032,Instagram,2025-06-30,https://instagram.com/post/320,Holistic wellness approach with @HKVitals ğŸŒ¿ #wellness #holistic,260343,5970,199
POST_0321,INF_032,Instagram,2025-05-29,https://instagram.com/post/321,Wellness journey continues ğŸŒŸ #wellnessjourney #health,135196,2538,93
POST_0322,INF_032,Instagram,2025-06-17,https://instagram.com/post/322,Wellness journey continues ğŸŒŸ #wellnessjourney #health,261704,5283,223
POST_0323,INF_032,Instagram,2025-07-17,https://instagram.com/post/323,Holistic wellness approach with @HKVitals ğŸŒ¿ #wellness #holistic,116657,1626,81
POST_0324,INF_032,Instagram,2025-05-27,https://instagram.com/post/324,Wellness journey continues ğŸŒŸ #wellnessjourney #health,113757,2290,98
POST_0325,INF_032,Instagram,2025-05-05,https://instagram.com/post/325,Mind - body - soul - complete wellness ğŸ§˜ #mindfulness #wellness,313157,6334,211
POST_0326,INF_032,Instagram,2025-06-08,https://instagram.com/post/326,Mind - body - soul - complete wellness ğŸ§˜ #mindfulness #wellness,124136,4179,100
POST_0327,INF_033,LinkedIn,2025-07-04,https://linkedin.com/post/327,Starting my day with @HKVitals multivitamins â˜€ï¸ #health #nutrition,80064,2165,106
POST_0328,INF_033,LinkedIn,2025-07-24,https://linkedin.com/post/328,Post-workout nutrition with @MuscleBlaze ğŸ¥¤ #protein #recovery,79294,2922,95
POST_0329,INF_033,LinkedIn,2025-06-27,https://linkedin.com/post/329,Kids nutrition made easy with @Gritzo ğŸ‘¶ #kidshealth #nutrition,40090,1108,53
POST_0330,INF_033,LinkedIn,2025-07-12,https://linkedin.com/post/330,Starting my day with @HKVitals multivitamins â˜€ï¸ #health #nutrition,28543,1188,57
POST_0331,INF_033,LinkedIn,2025-06-26,https://linkedin.com/post/331,Kids nutrition made easy with @Gritzo ğŸ‘¶ #kidshealth #nutrition,37868,709,26
POST_0332,INF_033,LinkedIn,2025-07-20,https://linkedin.com/post/332,Starting my day with @HKVitals multivitamins â˜€ï¸ #health #nutrition,39941,831,30
POST_0333,INF_034,Instagram,2025-05-23,https://instagram.com/post/333,Recovery day essentials from @Gritzo ğŸ’¯ #recovery #nutrition,339366,5812,216
POST_0334,INF_034,Instagram,2025-05-11,https://instagram.com/post/334,Recovery day essentials from @Gritzo ğŸ’¯ #recovery #nutrition,289161,6822,315
POST_0335,INF_034,Instagram,2025-05-21,https://instagram.com/post/335,Recovery day essentials from @Gritzo ğŸ’¯ #recovery #nutrition,163843,2162,104
POST_0336,INF_034,Instagram,2025-07-04,https://instagram.com/post/336,Recovery day essentials from @Gritzo ğŸ’¯ #recovery #nutrition,255861,4736,232
POST_0337,INF_034,Instagram,2025-05-02,https://instagram.com/post/337,Pre-workout fuel with @HKVitals supplements ğŸ”¥ #workout #energy,200226,4424,142
POST_0338,INF_034,Instagram,2025-06-08,https://instagram.com/post/338,Recovery day essentials from @Gritzo ğŸ’¯ #recovery #nutrition,155399,2891,77
POST_0339,INF_034,Instagram,2025-07-08,https://instagram.com/post/339,Recovery day essentials from @Gritzo ğŸ’¯ #recovery #nutrition,296713,8604,421
POST_0340,INF_035,YouTube,2025-07-09,https://youtube.com/post/340,Balance is key - fitness - nutrition - wellness ğŸ§˜â€â™€ï¸ #balance #wellness,92811,1306,29
POST_0341,INF_035,YouTube,2025-06-09,https://youtube.com/post/341,Investing in my health daily ğŸ’ª #selfcare #health,61893,1328,37
POST_0342,INF_035,YouTube,2025-05-10,https://youtube.com/post/342,Investing in my health daily ğŸ’ª #selfcare #health,115220,2770,118
POST_0343,INF_035,YouTube,2025-05-02,https://youtube.com/post/343,Living my best life with proper nutrition ğŸŒŸ #lifestyle #health,110615,2486,74
POST_0344,INF_035,YouTube,2025-06-29,https://youtube.com/post/344,Balance is key - fitness - nutrition - wellness ğŸ§˜â€â™€ï¸ #balance #wellness,150137,3718,185
POST_0345,INF_035,YouTube,2025-06-25,https://youtube.com/post/345,Balance is key - fitness - nutrition - wellness ğŸ§˜â€â™€ï¸ #balance #wellness,124904,2882,78
POST_0346,INF_035,YouTube,2025-06-20,https://youtube.com/post/346,Investing in my health daily ğŸ’ª #selfcare #health,92000,1794,49
POST_0347,INF_035,YouTube,2025-05-24,https://youtube.com/post/347,Balance is key - fitness - nutrition - wellness ğŸ§˜â€â™€ï¸ #balance #wellness,100916,2863,122
POST_0348,INF_035,YouTube,2025-06-30,https://youtube.com/post/348,Living my best life with proper nutrition ğŸŒŸ #lifestyle #health,90960,1704,45
POST_0349,INF_035,YouTube,2025-07-24,https://youtube.com/post/349,Living my best life with proper nutrition ğŸŒŸ #lifestyle #health,79476,2352,76
POST_0350,INF_035,YouTube,2025-07-01,https://youtube.com/post/350,Investing in my health daily ğŸ’ª #selfcare #health,86694,1728,60
POST_0351,INF_035,YouTube,2025-04-30,https://youtube.com/post/351,Investing in my health daily ğŸ’ª #selfcare #health,87498,2200,91
POST_0352,INF_035,YouTube,2025-05-25,https://youtube.com/post/352,Investing in my health daily ğŸ’ª #selfcare #health,100375,2328,56
POST_0353,INF_036,Instagram,2025-07-03,https://instagram.com/post/353,Just crushed my workout with @MuscleBlaze protein! ğŸ’ª #fitness #protein,35841,1373,29
POST_0354,INF_036,Instagram,2025-07-17,https://instagram.com/post/354,Recovery day essentials from @Gritzo ğŸ’¯ #recovery #nutrition,36556,1618,52
POST_0355,INF_036,Instagram,2025-06-27,https://instagram.com/post/355,Just crushed my workout with @MuscleBlaze protein! ğŸ’ª #fitness #protein,14366,312,10
POST_0356,INF_036,Instagram,2025-05-08,https://instagram.com/post/356,Just crushed my workout with @MuscleBlaze protein! ğŸ’ª #fitness #protein,28779,1610,64
POST_0357,INF_036,Instagram,2025-07-26,https://instagram.com/post/357,Recovery day essentials from @Gritzo ğŸ’¯ #recovery #nutrition,26110,681,28
POST_0358,INF_036,Instagram,2025-06-20,https://instagram.com/post/358,Just crushed my workout with @MuscleBlaze protein! ğŸ’ª #fitness #protein,13081,621,27
POST_0359,INF_036,Instagram,2025-07-13,https://instagram.com/post/359,Pre-workout fuel with @HKVitals supplements ğŸ”¥ #workout #energy,35870,1148,44
POST_0360,INF_036,Instagram,2025-06-11,https://instagram.com/post/360,Recovery day essentials from @Gritzo ğŸ’¯ #recovery #nutrition,19409,587,18
POST_0361,INF_036,Instagram,2025-06-25,https://instagram.com/post/361,Recovery day essentials from @Gritzo ğŸ’¯ #recovery #nutrition,37696,1083,49
POST_0362,INF_036,Instagram,2025-05-04,https://instagram.com/post/362,Just crushed my workout with @MuscleBlaze protein! ğŸ’ª #fitness #protein,31861,691,25
POST_0363,INF_036,Instagram,2025-05-06,https://instagram.com/post/363,Pre-workout fuel with @HKVitals supplements ğŸ”¥ #workout #energy,12886,323,10
POST_0364,INF_036,Instagram,2025-05-15,https://instagram.com/post/364,Just crushed my workout with @MuscleBlaze protein! ğŸ’ª #fitness #protein,37369,2129,101
POST_0365,INF_037,LinkedIn,2025-04-29,https://linkedin.com/post/365,Athletic performance through proper nutrition ğŸ¥‡ #athletes #nutrition,71264,1998,44
POST_0366,INF_037,LinkedIn,2025-05-18,https://linkedin.com/post/366,Game day preparation with @MuscleBlaze ğŸ† #sports #performance,54621,1342,39
POST_0367,INF_037,LinkedIn,2025-05-12,https://linkedin.com/post/367,Athletic performance through proper nutrition ğŸ¥‡ #athletes #nutrition,33085,1665,79
POST_0368,INF_037,LinkedIn,2025-07-06,https://linkedin.com/post/368,Training hard - recovering smart ğŸ’ª #training #recovery,54644,2304,92
POST_0369,INF_037,LinkedIn,2025-06-14,https://linkedin.com/post/369,Game day preparation with @MuscleBlaze ğŸ† #sports #performance,45393,2137,86
POST_0370,INF_037,LinkedIn,2025-05-23,https://linkedin.com/post/370,Game day preparation with @MuscleBlaze ğŸ† #sports #performance,63966,1630,43
POST_0371,INF_037,LinkedIn,2025-06-13,https://linkedin.com/post/371,Athletic performance through proper nutrition ğŸ¥‡ #athletes #nutrition,56761,2263,111
POST_0372,INF_037,LinkedIn,2025-07-23,https://linkedin.com/post/372,Training hard - recovering smart ğŸ’ª #training #recovery,58248,2484,66
POST_0373,INF_038,Instagram,2025-06-01,https://instagram.com/post/373,Post-workout nutrition with @MuscleBlaze ğŸ¥¤ #protein #recovery,190442,3937,169
POST_0374,INF_038,Instagram,2025-06-25,https://instagram.com/post/374,Kids nutrition made easy with @Gritzo ğŸ‘¶ #kidshealth #nutrition,336903,3379,139
POST_0375,INF_038,Instagram,2025-07-07,https://instagram.com/post/375,Post-workout nutrition with @MuscleBlaze ğŸ¥¤ #protein #recovery,344276,4738,95
POST_0376,INF_038,Instagram,2025-05-31,https://instagram.com/post/376,Post-workout nutrition with @MuscleBlaze ğŸ¥¤ #protein #recovery,238815,3136,80
POST_0377,INF_038,Instagram,2025-05-16,https://instagram.com/post/377,Starting my day with @HKVitals multivitamins â˜€ï¸ #health #nutrition,292921,4311,131
POST_0378,INF_038,Instagram,2025-05-11,https://instagram.com/post/378,Post-workout nutrition with @MuscleBlaze ğŸ¥¤ #protein #recovery,304948,4797,137
POST_0379,INF_038,Instagram,2025-07-16,https://instagram.com/post/379,Kids nutrition made easy with @Gritzo ğŸ‘¶ #kidshealth #nutrition,340162,8628,235
POST_0380,INF_038,Instagram,2025-07-05,https://instagram.com/post/380,Starting my day with @HKVitals multivitamins â˜€ï¸ #health #nutrition,329185,4000,112
POST_0381,INF_038,Instagram,2025-07-18,https://instagram.com/post/381,Post-workout nutrition with @MuscleBlaze ğŸ¥¤ #protein #recovery,185296,2645,115
POST_0382,INF_038,Instagram,2025-06-24,https://instagram.com/post/382,Post-workout nutrition with @MuscleBlaze ğŸ¥¤ #protein #recovery,401088,9777,376
POST_0383,INF_038,Instagram,2025-07-13,https://instagram.com/post/383,Post-workout nutrition with @MuscleBlaze ğŸ¥¤ #protein #recovery,176487,1714,77
POST_0384,INF_039,LinkedIn,2025-05-31,https://linkedin.com/post/384,Starting my day with @HKVitals multivitamins â˜€ï¸ #health #nutrition,76696,3900,191
POST_0385,INF_039,LinkedIn,2025-06-18,https://linkedin.com/post/385,Post-workout nutrition with @MuscleBlaze ğŸ¥¤ #protein #recovery,75403,3214,94
POST_0386,INF_039,LinkedIn,2025-06-16,https://linkedin.com/post/386,Starting my day with @HKVitals multivitamins â˜€ï¸ #health #nutrition,72719,2959,110
POST_0387,INF_039,LinkedIn,2025-06-15,https://linkedin.com/post/387,Kids nutrition made easy with @Gritzo ğŸ‘¶ #kidshealth #nutrition,80493,3428,80
POST_0388,INF_039,LinkedIn,2025-07-01,https://linkedin.com/post/388,Kids nutrition made easy with @Gritzo ğŸ‘¶ #kidshealth #nutrition,100355,3915,142
POST_0389,INF_039,LinkedIn,2025-05-28,https://linkedin.com/post/389,Starting my day with @HKVitals multivitamins â˜€ï¸ #health #nutrition,132582,3900,175
POST_0390,INF_039,LinkedIn,2025-06-04,https://linkedin.com/post/390,Starting my day with @HKVitals multivitamins â˜€ï¸ #health #nutrition,107774,2399,66
POST_0391,INF_039,LinkedIn,2025-06-02,https://linkedin.com/post/391,Post-workout nutrition with @MuscleBlaze ğŸ¥¤ #protein #recovery,118441,3148,108
POST_0392,INF_039,LinkedIn,2025-05-19,https://linkedin.com/post/392,Post-workout nutrition with @MuscleBlaze ğŸ¥¤ #protein #recovery,92488,4741,172
POST_0393,INF_039,LinkedIn,2025-04-28,https://linkedin.com/post/393,Starting my day with @HKVitals multivitamins â˜€ï¸ #health #nutrition,128220,4885,110
POST_0394,INF_040,LinkedIn,2025-05-02,https://linkedin.com/post/394,Investing in my health daily ğŸ’ª #selfcare #health,62191,2004,99
POST_0395,INF_040,LinkedIn,2025-05-05,https://linkedin.com/post/395,Living my best life with proper nutrition ğŸŒŸ #lifestyle #health,65436,3305,108
POST_0396,INF_040,LinkedIn,2025-07-14,https://linkedin.com/post/396,Investing in my health daily ğŸ’ª #selfcare #health,55188,1963,73
POST_0397,INF_040,LinkedIn,2025-06-28,https://linkedin.com/post/397,Investing in my health daily ğŸ’ª #selfcare #health,68793,2420,91
POST_0398,INF_040,LinkedIn,2025-07-07,https://linkedin.com/post/398,Living my best life with proper nutrition ğŸŒŸ #lifestyle #health,61461,1072,34
POST_0399,INF_040,LinkedIn,2025-07-12,https://linkedin.com/post/399,Living my best life with proper nutrition ğŸŒŸ #lifestyle #health,96837,3811,115
POST_0400,INF_040,LinkedIn,2025-05-21,https://linkedin.com/post/400,Balance is key - fitness - nutrition - wellness ğŸ§˜â€â™€ï¸ #balance #wellness,71495,2390,97
POST_0401,INF_040,LinkedIn,2025-07-18,https://linkedin.com/post/401,Investing in my health daily ğŸ’ª #selfcare #health,58209,2181,99
POST_0402,INF_040,LinkedIn,2025-07-13,https://linkedin.com/post/402,Living my best life with proper nutrition ğŸŒŸ #lifestyle #health,85622,2547,69
POST_0403,INF_040,LinkedIn,2025-05-17,https://linkedin.com/post/403,Balance is key - fitness - nutrition - wellness ğŸ§˜â€â™€ï¸ #balance #wellness,48016,2090,56
POST_0404,INF_040,LinkedIn,2025-05-07,https://linkedin.com/post/404,Investing in my health daily ğŸ’ª #selfcare #health,49785,1899,39
POST_0405,INF_040,LinkedIn,2025-07-01,https://linkedin.com/post/405,Balance is key - fitness - nutrition - wellness ğŸ§˜â€â™€ï¸ #balance #wellness,69069,1821,48
POST_0406,INF_040,LinkedIn,2025-07-18,https://linkedin.com/post/406,Living my best life with proper nutrition ğŸŒŸ #lifestyle #health,78363,3497,108
POST_0407,INF_040,LinkedIn,2025-05-29,https://linkedin.com/post/407,Balance is key - fitness - nutrition - wellness ğŸ§˜â€â™€ï¸ #balance #wellness,44657,1784,87
POST_0408,INF_040,LinkedIn,2025-05-11,https://linkedin.com/post/408,Balance is key - fitness - nutrition - wellness ğŸ§˜â€â™€ï¸ #balance #wellness,64637,1736,53
POST_0409,INF_041,LinkedIn,2025-07-04,https://linkedin.com/post/409,Game day preparation with @MuscleBlaze ğŸ† #sports #performance,90049,3407,130
POST_0410,INF_041,LinkedIn,2025-05-01,https://linkedin.com/post/410,Training hard - recovering smart ğŸ’ª #training #recovery,43453,943,24
POST_0411,INF_041,LinkedIn,2025-07-08,https://linkedin.com/post/411,Game day preparation with @MuscleBlaze ğŸ† #sports #performance,69286,1928,60
POST_0412,INF_041,LinkedIn,2025-05-25,https://linkedin.com/post/412,Training hard - recovering smart ğŸ’ª #training #recovery,77832,3360,167
POST_0413,INF_041,LinkedIn,2025-07-05,https://linkedin.com/post/413,Game day preparation with @MuscleBlaze ğŸ† #sports #performance,67834,1520,50
POST_0414,INF_041,LinkedIn,2025-06-11,https://linkedin.com/post/414,Training hard - recovering smart ğŸ’ª #training #recovery,99515,3017,95
POST_0415,INF_041,LinkedIn,2025-05-23,https://linkedin.com/post/415,Athletic performance through proper nutrition ğŸ¥‡ #athletes #nutrition,79036,2542,104
POST_0416,INF_041,LinkedIn,2025-05-25,https://linkedin.com/post/416,Game day preparation with @MuscleBlaze ğŸ† #sports #performance,45736,1890,50
POST_0417,INF_041,LinkedIn,2025-06-21,https://linkedin.com/post/417,Athletic performance through proper nutrition ğŸ¥‡ #athletes #nutrition,49684,1583,58
POST_0418,INF_041,LinkedIn,2025-05-17,https://linkedin.com/post/418,Athletic performance through proper nutrition ğŸ¥‡ #athletes #nutrition,69285,2336,84
POST_0419,INF_041,LinkedIn,2025-05-18,https://linkedin.com/post/419,Athletic performance through proper nutrition ğŸ¥‡ #athletes #nutrition,90657,2095,76
POST_0420,INF_041,LinkedIn,2025-07-13,https://linkedin.com/post/420,Game day preparation with @MuscleBlaze ğŸ† #sports #performance,84720,3016,139
POST_0421,INF_041,LinkedIn,2025-05-30,https://linkedin.com/post/421,Game day preparation with @MuscleBlaze ğŸ† #sports #performance,52286,2001,91
POST_0422,INF_041,LinkedIn,2025-06-26,https://linkedin.com/post/422,Training hard - recovering smart ğŸ’ª #training #recovery,48658,2204,101
POST_0423,INF_042,Instagram,2025-06-02,https://instagram.com/post/423,Living my best life with proper nutrition ğŸŒŸ #lifestyle #health,69914,788,20
POST_0424,INF_042,Instagram,2025-05-15,https://instagram.com/post/424,Investing in my health daily ğŸ’ª #selfcare #health,89317,1416,42
POST_0425,INF_042,Instagram,2025-06-19,https://instagram.com/post/425,Investing in my health daily ğŸ’ª #selfcare #health,82863,1453,72
POST_0426,INF_042,Instagram,2025-07-14,https://instagram.com/post/426,Balance is key - fitness - nutrition - wellness ğŸ§˜â€â™€ï¸ #balance #wellness,66723,1609,35
POST_0427,INF_042,Instagram,2025-05-04,https://instagram.com/post/427,Living my best life with proper nutrition ğŸŒŸ #lifestyle #health,65810,1617,66
POST_0428,INF_042,Instagram,2025-05-01,https://instagram.com/post/428,Balance is key - fitness - nutrition - wellness ğŸ§˜â€â™€ï¸ #balance #wellness,93714,1267,49
POST_0429,INF_042,Instagram,2025-05-30,https://instagram.com/post/429,Investing in my health daily ğŸ’ª #selfcare #health,60417,1732,55
POST_0430,INF_042,Instagram,2025-06-21,https://instagram.com/post/430,Investing in my health daily ğŸ’ª #selfcare #health,125418,3392,117
POST_0431,INF_042,Instagram,2025-07-26,https://instagram.com/post/431,Investing in my health daily ğŸ’ª #selfcare #health,143706,3241,159
POST_0432,INF_042,Instagram,2025-05-02,https://instagram.com/post/432,Balance is key - fitness - nutrition - wellness ğŸ§˜â€â™€ï¸ #balance #wellness,125690,3795,121
POST_0433,INF_042,Instagram,2025-06-29,https://instagram.com/post/433,Living my best life with proper nutrition ğŸŒŸ #lifestyle #health,104424,1569,57
POST_0434,INF_042,Instagram,2025-05-15,https://instagram.com/post/434,Living my best life with proper nutrition ğŸŒŸ #lifestyle #health,141975,4234,181
POST_0435,INF_042,Instagram,2025-07-14,https://instagram.com/post/435,Living my best life with proper nutrition ğŸŒŸ #lifestyle #health,118225,2549,122
POST_0436,INF_042,Instagram,2025-05-31,https://instagram.com/post/436,Living my best life with proper nutrition ğŸŒŸ #lifestyle #health,100414,2909,145
POST_0437,INF_042,Instagram,2025-05-04,https://instagram.com/post/437,Balance is key - fitness - nutrition - wellness ğŸ§˜â€â™€ï¸ #balance #wellness,84179,2662,60
POST_0438,INF_043,LinkedIn,2025-07-16,https://linkedin.com/post/438,Post-workout nutrition with @MuscleBlaze ğŸ¥¤ #protein #recovery,50987,2080,66
POST_0439,INF_043,LinkedIn,2025-04-28,https://linkedin.com/post/439,Starting my day with @HKVitals multivitamins â˜€ï¸ #health #nutrition,73409,2018,46
POST_0440,INF_043,LinkedIn,2025-05-26,https://linkedin.com/post/440,Starting my day with @HKVitals multivitamins â˜€ï¸ #health #nutrition,33799,1287,42
POST_0441,INF_043,LinkedIn,2025-04-28,https://linkedin.com/post/441,Post-workout nutrition with @MuscleBlaze ğŸ¥¤ #protein #recovery,49334,1333,54
POST_0442,INF_043,LinkedIn,2025-07-17,https://linkedin.com/post/442,Post-workout nutrition with @MuscleBlaze ğŸ¥¤ #protein #recovery,42630,1085,25
POST_0443,INF_043,LinkedIn,2025-06-18,https://linkedin.com/post/443,Kids nutrition made easy with @Gritzo ğŸ‘¶ #kidshealth #nutrition,37261,1772,42
POST_0444,INF_043,LinkedIn,2025-07-08,https://linkedin.com/post/444,Post-workout nutrition with @MuscleBlaze ğŸ¥¤ #protein #recovery,33242,1280,31
POST_0445,INF_043,LinkedIn,2025-06-29,https://linkedin.com/post/445,Starting my day with @HKVitals multivitamins â˜€ï¸ #health #nutrition,65973,1561,63
POST_0446,INF_043,LinkedIn,2025-07-15,https://linkedin.com/post/446,Post-workout nutrition with @MuscleBlaze ğŸ¥¤ #protein #recovery,81676,1678,70
POST_0447,INF_044,Instagram,2025-06-16,https://instagram.com/post/447,Kids nutrition made easy with @Gritzo ğŸ‘¶ #kidshealth #nutrition,384598,6084,166
POST_0448,INF_044,Instagram,2025-05-11,https://instagram.com/post/448,Kids nutrition made easy with @Gritzo ğŸ‘¶ #kidshealth #nutrition,363777,6718,139
POST_0449,INF_044,Instagram,2025-06-18,https://instagram.com/post/449,Kids nutrition made easy with @Gritzo ğŸ‘¶ #kidshealth #nutrition,210145,4072,129
POST_0450,INF_044,Instagram,2025-07-20,https://instagram.com/post/450,Starting my day with @HKVitals multivitamins â˜€ï¸ #health #nutrition,382431,8863,279
POST_0451,INF_044,Instagram,2025-05-24,https://instagram.com/post/451,Post-workout nutrition with @MuscleBlaze ğŸ¥¤ #protein #recovery,339023,4473,91
POST_0452,INF_044,Instagram,2025-06-16,https://instagram.com/post/452,Kids nutrition made easy with @Gritzo ğŸ‘¶ #kidshealth #nutrition,188261,5263,162
POST_0453,INF_044,Instagram,2025-07-04,https://instagram.com/post/453,Starting my day with @HKVitals multivitamins â˜€ï¸ #health #nutrition,376153,12125,248
POST_0454,INF_044,Instagram,2025-07-25,https://instagram.com/post/454,Kids nutrition made easy with @Gritzo ğŸ‘¶ #kidshealth #nutrition,227047,2020,88
POST_0455,INF_044,Instagram,2025-06-20,https://instagram.com/post/455,Starting my day with @HKVitals multivitamins â˜€ï¸ #health #nutrition,336189,6503,266
POST_0456,INF_044,Instagram,2025-05-06,https://instagram.com/post/456,Kids nutrition made easy with @Gritzo ğŸ‘¶ #kidshealth #nutrition,308782,6278,183
POST_0457,INF_044,Instagram,2025-06-30,https://instagram.com/post/457,Kids nutrition made easy with @Gritzo ğŸ‘¶ #kidshealth #nutrition,439183,5357,201
POST_0458,INF_045,Instagram,2025-05-05,https://instagram.com/post/458,Game day preparation with @MuscleBlaze ğŸ† #sports #performance,204682,5358,243
POST_0459,INF_045,Instagram,2025-06-25,https://instagram.com/post/459,Athletic performance through proper nutrition ğŸ¥‡ #athletes #nutrition,211949,3887,148
POST_0460,INF_045,Instagram,2025-05-02,https://instagram.com/post/460,Training hard - recovering smart ğŸ’ª #training #recovery,448943,9443,389
POST_0461,INF_045,Instagram,2025-07-25,https://instagram.com/post/461,Training hard - recovering smart ğŸ’ª #training #recovery,240013,7039,306
POST_0462,INF_045,Instagram,2025-06-23,https://instagram.com/post/462,Game day preparation with @MuscleBlaze ğŸ† #sports #performance,241145,3363,94
POST_0463,INF_045,Instagram,2025-07-23,https://instagram.com/post/463,Training hard - recovering smart ğŸ’ª #training #recovery,301904,5664,157
POST_0464,INF_045,Instagram,2025-05-07,https://instagram.com/post/464,Training hard - recovering smart ğŸ’ª #training #recovery,208643,3762,131
POST_0465,INF_045,Instagram,2025-07-05,https://instagram.com/post/465,Training hard - recovering smart ğŸ’ª #training #recovery,313718,3985,148
POST_0466,INF_045,Instagram,2025-07-12,https://instagram.com/post/466,Game day preparation with @MuscleBlaze ğŸ† #sports #performance,263359,4344,199
POST_0467,INF_045,Instagram,2025-07-21,https://instagram.com/post/467,Game day preparation with @MuscleBlaze ğŸ† #sports #performance,351348,5336,255
POST_0468,INF_045,Instagram,2025-05-17,https://instagram.com/post/468,Game day preparation with @MuscleBlaze ğŸ† #sports #performance,471150,12152,324
POST_0469,INF_045,Instagram,2025-06-03,https://instagram.com/post/469,Game day preparation with @MuscleBlaze ğŸ† #sports #performance,511912,9489,352
POST_0470,INF_045,Instagram,2025-05-23,https://instagram.com/post/470,Game day preparation with @MuscleBlaze ğŸ† #sports #performance,424224,4169,147
POST_0471,INF_045,Instagram,2025-06-05,https://instagram.com/post/471,Athletic performance through proper nutrition ğŸ¥‡ #athletes #nutrition,205699,3624,164
POST_0472,INF_045,Instagram,2025-07-15,https://instagram.com/post/472,Athletic performance through proper nutrition ğŸ¥‡ #athletes #nutrition,380752,3405,125
POST_0473,INF_046,YouTube,2025-06-25,https://youtube.com/post/473,Game day preparation with @MuscleBlaze ğŸ† #sports #performance,137161,2986,128
POST_0474,INF_046,YouTube,2025-05-18,https://youtube.com/post/474,Game day preparation with @MuscleBlaze ğŸ† #sports #performance,179360,2145,69
POST_0475,INF_046,YouTube,2025-05-18,https://youtube.com/post/475,Game day preparation with @MuscleBlaze ğŸ† #sports #performance,120441,3713,180
POST_0476,INF_046,YouTube,2025-05-03,https://youtube.com/post/476,Game day preparation with @MuscleBlaze ğŸ† #sports #performance,124689,2849,74
POST_0477,INF_046,YouTube,2025-06-03,https://youtube.com/post/477,Game day preparation with @MuscleBlaze ğŸ† #sports #performance,141160,1894,78
POST_0478,INF_046,YouTube,2025-07-21,https://youtube.com/post/478,Athletic performance through proper nutrition ğŸ¥‡ #athletes #nutrition,202239,5696,233
POST_0479,INF_046,YouTube,2025-05-29,https://youtube.com/post/479,Athletic performance through proper nutrition ğŸ¥‡ #athletes #nutrition,209821,2057,49
POST_0480,INF_046,YouTube,2025-07-17,https://youtube.com/post/480,Athletic performance through proper nutrition ğŸ¥‡ #athletes #nutrition,155371,1860,44
POST_0481,INF_046,YouTube,2025-06-23,https://youtube.com/post/481,Athletic performance through proper nutrition ğŸ¥‡ #athletes #nutrition,192227,5247,235
POST_0482,INF_046,YouTube,2025-06-16,https://youtube.com/post/482,Training hard - recovering smart ğŸ’ª #training #recovery,135572,2342,56
POST_0483,INF_046,YouTube,2025-07-13,https://youtube.com/post/483,Training hard - recovering smart ğŸ’ª #training #recovery,93261,1222,39
POST_0484,INF_046,YouTube,2025-06-11,https://youtube.com/post/484,Game day preparation with @MuscleBlaze ğŸ† #sports #performance,208409,2723,76
POST_0485,INF_046,YouTube,2025-07-15,https://youtube.com/post/485,Game day preparation with @MuscleBlaze ğŸ† #sports #performance,93575,2509,102
POST_0486,INF_046,YouTube,2025-06-29,https://youtube.com/post/486,Athletic performance through proper nutrition ğŸ¥‡ #athletes #nutrition,190095,2632,72
POST_0487,INF_047,LinkedIn,2025-05-22,https://linkedin.com/post/487,Athletic performance through proper nutrition ğŸ¥‡ #athletes #nutrition,54069,1766,44
POST_0488,INF_047,LinkedIn,2025-05-30,https://linkedin.com/post/488,Game day preparation with @MuscleBlaze ğŸ† #sports #performance,104006,3181,73
POST_0489,INF_047,LinkedIn,2025-07-11,https://linkedin.com/post/489,Athletic performance through proper nutrition ğŸ¥‡ #athletes #nutrition,50425,2701,64
POST_0490,INF_047,LinkedIn,2025-06-09,https://linkedin.com/post/490,Game day preparation with @MuscleBlaze ğŸ† #sports #performance,116843,4687,176
POST_0491,INF_047,LinkedIn,2025-07-24,https://linkedin.com/post/491,Game day preparation with @MuscleBlaze ğŸ† #sports #performance,147463,4047,179
POST_0492,INF_047,LinkedIn,2025-06-14,https://linkedin.com/post/492,Athletic performance through proper nutrition ğŸ¥‡ #athletes #nutrition,61316,2427,115
POST_0493,INF_047,LinkedIn,2025-06-06,https://linkedin.com/post/493,Game day preparation with @MuscleBlaze ğŸ† #sports #performance,98114,2998,91
POST_0494,INF_047,LinkedIn,2025-06-21,https://linkedin.com/post/494,Game day preparation with @MuscleBlaze ğŸ† #sports #performance,76812,2907,112
POST_0495,INF_047,LinkedIn,2025-05-05,https://linkedin.com/post/495,Athletic performance through proper nutrition ğŸ¥‡ #athletes #nutrition,78314,2585,56
POST_0496,INF_047,LinkedIn,2025-06-07,https://linkedin.com/post/496,Training hard - recovering smart ğŸ’ª #training #recovery,62764,1881,67
POST_0497,INF_047,LinkedIn,2025-05-18,https://linkedin.com/post/497,Training hard - recovering smart ğŸ’ª #training #recovery,127536,7050,216
POST_0498,INF_048,Instagram,2025-06-12,https://instagram.com/post/498,Post-workout nutrition with @MuscleBlaze ğŸ¥¤ #protein #recovery,466315,8931,226
POST_0499,INF_048,Instagram,2025-05-11,https://instagram.com/post/499,Post-workout nutrition with @MuscleBlaze ğŸ¥¤ #protein #recovery,237343,7363,160
POST_0500,INF_048,Instagram,2025-05-20,https://instagram.com/post/500,Starting my day with @HKVitals multivitamins â˜€ï¸ #health #nutrition,283032,5480,135
POST_0501,INF_048,Instagram,2025-05-03,https://instagram.com/post/501,Starting my day with @HKVitals multivitamins â˜€ï¸ #health #nutrition,244649,5647,237
POST_0502,INF_048,Instagram,2025-05-14,https://instagram.com/post/502,Starting my day with @HKVitals multivitamins â˜€ï¸ #health #nutrition,444472,10863,490
POST_0503,INF_048,Instagram,2025-07-04,https://instagram.com/post/503,Kids nutrition made easy with @Gritzo ğŸ‘¶ #kidshealth #nutrition,243130,4356,134
POST_0504,INF_048,Instagram,2025-07-23,https://instagram.com/post/504,Starting my day with @HKVitals multivitamins â˜€ï¸ #health #nutrition,397251,6949,168
POST_0505,INF_048,Instagram,2025-05-24,https://instagram.com/post/505,Kids nutrition made easy with @Gritzo ğŸ‘¶ #kidshealth #nutrition,343998,3788,82
POST_0506,INF_048,Instagram,2025-06-28,https://instagram.com/post/506,Starting my day with @HKVitals multivitamins â˜€ï¸ #health #nutrition,171624,3130,120
POST_0507,INF_048,Instagram,2025-06-13,https://instagram.com/post/507,Starting my day with @HKVitals multivitamins â˜€ï¸ #health #nutrition,401702,12968,385
POST_0508,INF_048,Instagram,2025-07-08,https://instagram.com/post/508,Post-workout nutrition with @MuscleBlaze ğŸ¥¤ #protein #recovery,358682,11282,512
POST_0509,INF_048,Instagram,2025-07-17,https://instagram.com/post/509,Post-workout nutrition with @MuscleBlaze ğŸ¥¤ #protein #recovery,288366,7968,183
POST_0510,INF_049,Instagram,2025-07-09,https://instagram.com/post/510,Supporting immunity with quality supplements ğŸ›¡ï¸ #immunity #health,409399,9835,385
POST_0511,INF_049,Instagram,2025-05-04,https://instagram.com/post/511,Healthy lifestyle choices matter ğŸ’š #health #lifestyle,226712,5609,261
POST_0512,INF_049,Instagram,2025-06-11,https://instagram.com/post/512,Healthy lifestyle choices matter ğŸ’š #health #lifestyle,200623,3801,111
POST_0513,INF_049,Instagram,2025-06-19,https://instagram.com/post/513,Supporting immunity with quality supplements ğŸ›¡ï¸ #immunity #health,174024,5044,244
POST_0514,INF_049,Instagram,2025-05-15,https://instagram.com/post/514,Daily wellness routine with @HKVitals ğŸŒ± #wellness #health,147681,3804,186
POST_0515,INF_049,Instagram,2025-05-06,https://instagram.com/post/515,Daily wellness routine with @HKVitals ğŸŒ± #wellness #health,295580,7272,308
POST_0516,INF_049,Instagram,2025-06-12,https://instagram.com/post/516,Healthy lifestyle choices matter ğŸ’š #health #lifestyle,411207,6339,143
POST_0517,INF_049,Instagram,2025-05-02,https://instagram.com/post/517,Daily wellness routine with @HKVitals ğŸŒ± #wellness #health,315983,8576,239
POST_0518,INF_049,Instagram,2025-04-29,https://instagram.com/post/518,Supporting immunity with quality supplements ğŸ›¡ï¸ #immunity #health,157504,2009,40
POST_0519,INF_049,Instagram,2025-05-31,https://instagram.com/post/519,Supporting immunity with quality supplements ğŸ›¡ï¸ #immunity #health,341915,11591,403
POST_0520,INF_050,YouTube,2025-05-18,https://youtube.com/post/520,Wellness journey continues ğŸŒŸ #wellnessjourney #health,160328,4752,177
POST_0521,INF_050,YouTube,2025-06-28,https://youtube.com/post/521,Mind - body - soul - complete wellness ğŸ§˜ #mindfulness #wellness,121371,1585,45
POST_0522,INF_050,YouTube,2025-06-23,https://youtube.com/post/522,Wellness journey continues ğŸŒŸ #wellnessjourney #health,265885,2650,82
POST_0523,INF_050,YouTube,2025-07-17,https://youtube.com/post/523,Wellness journey continues ğŸŒŸ #wellnessjourney #health,191776,4489,169
POST_0524,INF_050,YouTube,2025-05-26,https://youtube.com/post/524,Mind - body - soul - complete wellness ğŸ§˜ #mindfulness #wellness,220616,4361,166
POST_0525,INF_050,YouTube,2025-07-06,https://youtube.com/post/525,Wellness journey continues ğŸŒŸ #wellnessjourney #health,101389,2005,64
POST_0526,INF_050,YouTube,2025-05-18,https://youtube.com/post/526,Wellness journey continues ğŸŒŸ #wellnessjourney #health,140165,1960,42
POST_0527,INF_050,YouTube,2025-05-17,https://youtube.com/post/527,Mind - body - soul - complete wellness ğŸ§˜ #mindfulness #wellness,245407,3029,99
POST_0528,INF_050,YouTube,2025-05-03,https://youtube.com/post/528,Wellness journey continues ğŸŒŸ #wellnessjourney #health,206071,3389,88
POST_0529,INF_050,YouTube,2025-06-19,https://youtube.com/post/529,Mind - body - soul - complete wellness ğŸ§˜ #mindfulness #wellness,270537,4457,194
